{"cameraMode":{"drawMode":0,"name":"Shaded","section":"Shading Mode"},"sceneLighting":false,"audioPlay":false,"sceneViewState":{"m_AlwaysRefresh":false,"showFog":true,"showSkybox":false,"showFlares":true,"showImageEffects":true,"showParticleSystems":true,"showVisualEffectGraphs":true,"m_FxEnabled":true},"in2DMode":false,"pivot":{"x":-1.2850003242492676,"y":16.13986587524414,"z":0.18999958038330079},"rotation":{"x":0.244907408952713,"y":0.25240734219551089,"z":-0.06620091944932938,"w":0.9337726831436157},"size":13.668292045593262,"orthographic":false}